{"id_anthemeblock":"2","block_identifier":"5c544263e10f3","id_parent":"0","status":"1","position":"11","date_add":"2019-05-24 09:04:04","date_upd":"2019-06-06 09:06:34","hook_ids":"displayFooter","template":"views\/templates\/front\/notification_cookie\/notification_cookie.tpl","img":"","title":" Notification (cookie)","content":"<p>This is a cookie agreement request \u2014 you can customize it or disable in the backoffice. Cookies help us to provide you the best experience using our website.<\/p>","image":"","link":"#","formdata":{"id_anthemeblock":"2","id_anthemeblock_data":"2","data":{"additional_field_notification_cookie_block_width":"435"}},"children":[]}