{"id_anthemeblock":"3","block_identifier":"5c6c0d6494a25","id_parent":"0","status":"1","position":"12","date_add":"2019-05-24 09:04:04","date_upd":"2019-06-06 09:06:34","hook_ids":"displayProductViewers","template":"views\/templates\/front\/real_time_visitor_counter\/real_time_visitor_counter.tpl","img":"","title":"Real time visitor counter","content":"","image":"","link":"#","formdata":{"id_anthemeblock":"3","id_anthemeblock_data":"3","data":{"additional_field_real_time_visitor_counter_minValue":"7","additional_field_real_time_visitor_counter_maxValue":"25","additional_field_real_time_visitor_counter_strokeValue":"5","additional_field_real_time_visitor_counter_minInterval":"3","additional_field_real_time_visitor_counter_maxInterval":"35"}},"children":[]}