{"id_anthemeblock":"8","block_identifier":"5cebac60b1b31","id_parent":"0","status":"1","position":"13","date_add":"2019-05-27 05:22:40","date_upd":"2019-06-06 09:06:34","hook_ids":"displayWrapperTop","template":"views\/templates\/front\/advantagestype1\/advantagestype1.tpl","img":"","title":"Advantages","content":"","image":"","link":"#","formdata":{"id_anthemeblock":"8","id_anthemeblock_data":"8","data":{"additional_field_advantagestype1_canteredimage":"0","additional_field_advantagestype1_additionaltext":"0"}},"children":[{"id_anthemeblock":"9","block_identifier":"5cebac8e4b4cc","id_parent":"8","status":"1","position":"0","date_add":"2019-05-27 05:23:26","date_upd":"2019-05-27 08:55:59","hook_ids":"","template":"views\/templates\/front\/advantagestype1\/item.tpl","img":"5cebac8e4c59a","title":"Free Standart Delivery","content":"<p>Free shipping for over $50<\/p>","image":"","link":"#","formdata":{"id_anthemeblock":"9","id_anthemeblock_data":"9","data":[]},"children":[]},{"id_anthemeblock":"14","block_identifier":"5cebd8581b703","id_parent":"8","status":"1","position":"0","date_add":"2019-05-27 08:30:16","date_upd":"2019-05-27 08:30:16","hook_ids":"","template":"views\/templates\/front\/advantagestype1\/item.tpl","img":"5cebd8581be1c","title":"Money back guarantee","content":"<p>30 day refund guarantee<\/p>","image":"icon2.png","link":"#","formdata":{"id_anthemeblock":"14","id_anthemeblock_data":"14","data":[]},"children":[]},{"id_anthemeblock":"15","block_identifier":"5cebd87793c68","id_parent":"8","status":"1","position":"0","date_add":"2019-05-27 08:30:47","date_upd":"2019-05-27 08:30:47","hook_ids":"","template":"views\/templates\/front\/advantagestype1\/item.tpl","img":"5cebd8779431e","title":"Gifts for all buying","content":"<p>Discount for all sellers<\/p>","image":"icon3.png","link":"#","formdata":{"id_anthemeblock":"15","id_anthemeblock_data":"15","data":[]},"children":[]},{"id_anthemeblock":"16","block_identifier":"5cebd892f30dc","id_parent":"8","status":"1","position":"0","date_add":"2019-05-27 08:31:14","date_upd":"2019-05-27 08:31:15","hook_ids":"","template":"views\/templates\/front\/advantagestype1\/item.tpl","img":"5cebd892f37e3","title":"Online support 24\/7","content":"<p>Best support for our customers<\/p>","image":"icon4.png","link":"#","formdata":{"id_anthemeblock":"16","id_anthemeblock_data":"16","data":[]},"children":[]}]}