{"id_anthemeblock":"17","block_identifier":"5cebef8200c04","id_parent":"0","status":"1","position":"14","date_add":"2019-05-27 10:09:06","date_upd":"2019-06-06 09:06:34","hook_ids":"displayHome","template":"views\/templates\/front\/aboutus\/aboutus.tpl","img":"5cebef82012f6","title":"New collection 2019","content":"<p>This is Photoshop's version\u00a0 of Lorem Ipsum. Proin gravida nibh vel velit auctor aliquet. Aenean sollicitudin, lorem quis bibendum auctor, nisi elit consequat ipsum, nec sagittis sem nibh id elit.<\/p>\r\n<p>Morbi accumsan ipsum velit. Nam nec tellus a odio tincidunt auctor a ornare odio.\u00a0<\/p>","image":"","link":"#","formdata":{"id_anthemeblock":"17","id_anthemeblock_data":"17","data":[]},"children":[]}