{"id_anthemeblock":"24","block_identifier":"5ced25de6aaf2","id_parent":"0","status":"1","position":"2","date_add":"2019-05-28 08:13:18","date_upd":"2019-06-06 09:06:34","hook_ids":"displayFooter","template":"views\/templates\/front\/paymentsmethod\/paymentsmethod.tpl","img":"","title":"Pay With","content":"","image":"","link":"#","formdata":{"id_anthemeblock":"24","id_anthemeblock_data":"24","data":[]},"children":[{"id_anthemeblock":"25","block_identifier":"5ced25f35e522","id_parent":"24","status":"1","position":"0","date_add":"2019-05-28 08:13:39","date_upd":"2019-05-28 08:13:39","hook_ids":"","template":"views\/templates\/front\/paymentsmethod\/item.tpl","img":"5ced25f35ec38","title":"Visa","content":"","image":"visa.png","link":"#","formdata":{"id_anthemeblock":"25","id_anthemeblock_data":"25","data":[]},"children":[]},{"id_anthemeblock":"26","block_identifier":"5ced2604a2324","id_parent":"24","status":"1","position":"0","date_add":"2019-05-28 08:13:56","date_upd":"2019-05-28 08:13:56","hook_ids":"","template":"views\/templates\/front\/paymentsmethod\/item.tpl","img":"5ced2604a2a4a","title":"MasterCard","content":"","image":"mastercart.png","link":"#","formdata":{"id_anthemeblock":"26","id_anthemeblock_data":"26","data":[]},"children":[]},{"id_anthemeblock":"27","block_identifier":"5ced2613e2585","id_parent":"24","status":"1","position":"0","date_add":"2019-05-28 08:14:11","date_upd":"2019-05-28 08:14:11","hook_ids":"","template":"views\/templates\/front\/paymentsmethod\/item.tpl","img":"5ced2613e2c7b","title":"PayPal","content":"","image":"paypal.png","link":"#","formdata":{"id_anthemeblock":"27","id_anthemeblock_data":"27","data":[]},"children":[]},{"id_anthemeblock":"28","block_identifier":"5ced262a6cbc2","id_parent":"24","status":"1","position":"0","date_add":"2019-05-28 08:14:34","date_upd":"2019-05-28 08:14:34","hook_ids":"","template":"views\/templates\/front\/paymentsmethod\/item.tpl","img":"5ced262a6d282","title":"American Express","content":"","image":"aex.png","link":"#","formdata":{"id_anthemeblock":"28","id_anthemeblock_data":"28","data":[]},"children":[]}]}