{"id_anthemeblock":"30","block_identifier":"5cf04069d9549","id_parent":"0","status":"1","position":"5","date_add":"2019-05-30 16:43:21","date_upd":"2019-06-06 09:06:34","hook_ids":"displayProductAdditionalInfo2","template":"views\/templates\/front\/delivery_return\/delivery_return.tpl","img":"","title":"Delivery & return","content":"<h3>NAM GRAVIDA IPSUM DUI, VEL CONGUE TELLUS ACCUMSAN AT.<\/h3>\r\n<p>Quisque ut egestas tellus. Class aptent taciti sociosqu ad litora torquent per conubia nostra, per inceptos himenaeos. Lorem ipsum dolor sit amet, consectetur adipiscing elit. Donec ut leo ut eros vestibulum tincidunt. Cras semper ullamcorper laoreet. Donec vitae ligula sit amet massa rutrum facilisis.<\/p>\r\n<p>Morbi nisl elit, laoreet a neque in, volutpat suscipit orci. Sed efficitur ex risus, eu molestie nisi lobortis eu. In efficitur posuere ultrices. Aliquam erat volutpat. Quisque volutpat massa mollis, tempor eros et, malesuada magna. Nam id neque est. Donec ac aliquet ante, non bibendum odio. Ut quis orci vel justo tristique lobortis. Vestibulum vehicula tempus ullamcorper.<\/p>\r\n<h3>VIVAMUS CONSECTETUR PORTA PURUS SED LAOREET.<\/h3>\r\n<p>Curabitur rutrum lacinia porttitor. Etiam eget nisi rhoncus, mattis mauris ornare, convallis ligula. In posuere tincidunt ullamcorper. Nullam sit amet convallis odio. Nunc id ex nisi. Donec tincidunt eu ipsum non ornare. Etiam sit amet ligula et elit aliquam volutpat sit amet ac risus. Sed risus magna, eleifend sed massa eu, cursus posuere lectus. Vivamus dictum a lorem quis semper. Quisque facilisis hendrerit placerat. In ac turpis est. Proin hendrerit eget sem vel sodales.<\/p>\r\n<p>Aenean viverra tellus mi, in posuere arcu congue eu. Curabitur non leo sapien. In hac habitasse platea dictumst. Cras euismod lacinia velit, in facilisis dui aliquet non. Mauris feugiat ligula vitae neque porta scelerisque. Donec sodales ipsum nec scelerisque blandit. Etiam sed convallis metus. Maecenas nec arcu risus.<\/p>","image":"","link":"#","formdata":{"id_anthemeblock":"30","id_anthemeblock_data":"30","data":[]},"children":[]}