{"id_anthemeblock":"41","block_identifier":"5cf63f84125eb","id_parent":"0","status":"1","position":"10","date_add":"2019-06-04 05:53:08","date_upd":"2019-06-06 09:06:34","hook_ids":"displayWrapperBottom","template":"views\/templates\/front\/newsslider\/newsslider.tpl","img":"","title":"Blog & News","content":"","image":"","link":"#","formdata":{"id_anthemeblock":"41","id_anthemeblock_data":"41","data":{"additional_field_newsslider_loop":"1","additional_field_newsslider_nav":"1","additional_field_newsslider_autoplay":"0","additional_field_newsslider_smartSpeed":"1000","additional_field_newsslider_autoplayTimeout":"5000","additional_field_newsslider_mobile":"1"}},"children":[{"id_anthemeblock":"42","block_identifier":"5cf63fb433d09","id_parent":"41","status":"1","position":"0","date_add":"2019-06-04 05:53:56","date_upd":"2019-06-04 05:53:56","hook_ids":"","template":"views\/templates\/front\/newsslider\/item.tpl","img":"5cf63fb43444e","title":"news 1","content":"<p>Handmade Clothes<\/p>\r\n<p>is a new trend<\/p>","image":"n1.jpg","link":"#","formdata":{"id_anthemeblock":"42","id_anthemeblock_data":"42","data":[]},"children":[]},{"id_anthemeblock":"43","block_identifier":"5cf63fce429b5","id_parent":"41","status":"1","position":"0","date_add":"2019-06-04 05:54:22","date_upd":"2019-06-04 05:54:22","hook_ids":"","template":"views\/templates\/front\/newsslider\/item.tpl","img":"5cf63fce4321b","title":"news 2","content":"<p>Small tips to find best<\/p>\r\n<p>dress for you<\/p>","image":"n2.jpg","link":"#","formdata":{"id_anthemeblock":"43","id_anthemeblock_data":"43","data":[]},"children":[]},{"id_anthemeblock":"44","block_identifier":"5cf63fe5df659","id_parent":"41","status":"1","position":"0","date_add":"2019-06-04 05:54:45","date_upd":"2019-06-04 05:54:45","hook_ids":"","template":"views\/templates\/front\/newsslider\/item.tpl","img":"5cf63fe5dfd05","title":"news 3","content":"<p>Handmade Clothes is a new trend<\/p>","image":"n1.jpg","link":"#","formdata":{"id_anthemeblock":"44","id_anthemeblock_data":"44","data":[]},"children":[]},{"id_anthemeblock":"45","block_identifier":"5cf63ff7c9867","id_parent":"41","status":"1","position":"0","date_add":"2019-06-04 05:55:03","date_upd":"2019-06-04 05:55:03","hook_ids":"","template":"views\/templates\/front\/newsslider\/item.tpl","img":"5cf63ff7ca030","title":"news 4","content":"<p>Small tips to find best dress for you<\/p>","image":"n2.jpg","link":"#","formdata":{"id_anthemeblock":"45","id_anthemeblock_data":"45","data":[]},"children":[]}]}