{"id_anthemeblock":"33","block_identifier":"5cf63d2aac6f5","id_parent":"0","status":"1","position":"7","date_add":"2019-06-04 05:43:06","date_upd":"2019-07-15 10:01:12","hook_ids":"displayHomeSliderFullWidth","template":"views\/templates\/front\/homeslider\/homeslider.tpl","img":"","title":"homeslider","content":"","image":"","link":"#","formdata":{"id_anthemeblock":"33","id_anthemeblock_data":"33","data":{"additional_field_homeslider_preloader":"1","additional_field_homeslider_items":"1","additional_field_homeslider_loop":"1","additional_field_homeslider_nav":"0","additional_field_homeslider_dots":"center","additional_field_homeslider_autoplay":"1","additional_field_homeslider_smartSpeed":"3000","additional_field_homeslider_autoplayTimeout":"5000","additional_field_homeslider_mobile":"1","additional_field_homeslider_textpostion":"left"}},"children":[{"id_anthemeblock":"34","block_identifier":"5cf63d572f4a5","id_parent":"33","status":"1","position":"0","date_add":"2019-06-04 05:43:51","date_upd":"2019-07-15 10:01:20","hook_ids":"","template":"views\/templates\/front\/homeslider\/item.tpl","img":"5cfa4e19a5cd9","title":"Blackery New Collection 2017","content":"<p>We have one of the largest selections of clothes<\/p>","image":"","link":"#","formdata":{"id_anthemeblock":"34","id_anthemeblock_data":"34","data":{"additional_field_item_button":"0"}},"children":[]},{"id_anthemeblock":"35","block_identifier":"5cf63d640c902","id_parent":"33","status":"1","position":"0","date_add":"2019-06-04 05:44:04","date_upd":"2019-06-07 07:44:36","hook_ids":"","template":"views\/templates\/front\/homeslider\/item.tpl","img":"5cfa4e24545e5","title":"Blackery New Collection 2018","content":"<p>We have one of the largest selections of clothes<\/p>","image":"slider_2.jpg","link":"#","formdata":{"id_anthemeblock":"35","id_anthemeblock_data":"35","data":{"additional_field_item_button":"0"}},"children":[]},{"id_anthemeblock":"36","block_identifier":"5cf63d717a8fe","id_parent":"33","status":"1","position":"0","date_add":"2019-06-04 05:44:17","date_upd":"2019-06-07 07:44:45","hook_ids":"","template":"views\/templates\/front\/homeslider\/item.tpl","img":"5cfa4e2d9d08f","title":"Blackery New Collection 2019","content":"<p>We have one of the largest selections of clothes<\/p>","image":"slider_3.jpg","link":"#","formdata":{"id_anthemeblock":"36","id_anthemeblock_data":"36","data":{"additional_field_item_button":"0"}},"children":[]}]}