{"id_anthemeblock":"37","block_identifier":"5cf63d8d3a74a","id_parent":"0","status":"1","position":"8","date_add":"2019-06-04 05:44:45","date_upd":"2019-06-06 09:06:34","hook_ids":"displayHome","template":"views\/templates\/front\/productcolumnslider\/productcolumnslider.tpl","img":"","title":"slider 1","content":"","image":"","link":"#","formdata":{"id_anthemeblock":"37","id_anthemeblock_data":"37","data":[]},"children":[{"id_anthemeblock":"38","block_identifier":"5cf63da711893","id_parent":"37","status":"1","position":"0","date_add":"2019-06-04 05:45:11","date_upd":"2019-06-04 05:45:11","hook_ids":"","template":"views\/templates\/front\/productcolumnslider\/item.tpl","img":"","title":"New Arrivals","content":"","image":"","link":"#","formdata":{"id_anthemeblock":"38","id_anthemeblock_data":"38","data":{"additional_field_item_items":"4","additional_field_item_loop":"1","additional_field_item_nav":"1","additional_field_item_autoplay":"0","additional_field_item_autoplayTimeout":"5000","additional_field_item_addtocart":"0","additional_field_item_type":"new","additional_field_item_value":"","additional_field_item_products_count":"8"}},"children":[]}]}