{"id_anthemeblock":"39","block_identifier":"5cf63db875798","id_parent":"0","status":"1","position":"9","date_add":"2019-06-04 05:45:28","date_upd":"2019-06-06 09:06:34","hook_ids":"displayHome2","template":"views\/templates\/front\/productcolumnslider\/productcolumnslider.tpl","img":"","title":"slider 2","content":"","image":"","link":"#","formdata":{"id_anthemeblock":"39","id_anthemeblock_data":"39","data":[]},"children":[{"id_anthemeblock":"40","block_identifier":"5cf63dd2eed2c","id_parent":"39","status":"1","position":"0","date_add":"2019-06-04 05:45:54","date_upd":"2019-06-05 02:59:10","hook_ids":"","template":"views\/templates\/front\/productcolumnslider\/item.tpl","img":"","title":"Best Sellers","content":"","image":"","link":"#","formdata":{"id_anthemeblock":"40","id_anthemeblock_data":"40","data":{"additional_field_item_items":"5","additional_field_item_loop":"1","additional_field_item_nav":"1","additional_field_item_autoplay":"0","additional_field_item_autoplayTimeout":"5000","additional_field_item_addtocart":"0","additional_field_item_type":"bestsellers","additional_field_item_value":"","additional_field_item_products_count":"10"}},"children":[]}]}