{"id_anthemeblock":"46","block_identifier":"5cf90fcb302a2","id_parent":"0","status":"1","position":"4","date_add":"2019-06-06 09:06:19","date_upd":"2019-06-06 09:06:34","hook_ids":"displayProductAdditionalInfo2","template":"views\/templates\/front\/sizeguide\/sizeguide.tpl","img":"","title":"Size Guide","content":"<p><span style=\"color: #858585; font-family: Archivo, sans-serif; font-size: 15px; text-align: center;\">This is an approximate conversion table to help you find your size. If you have already purchased an item by our brand, we recommend you select the same size as indicated on its label.<\/span><\/p>\r\n<p><\/p>\r\n<div class=\"sizetable-wrap-woman\">\r\n<h4>Women's apparel sizing<\/h4>\r\n<div class=\"size-table-wrap\">\r\n<table class=\"size-table\">\r\n<tbody>\r\n<tr><th>International<\/th><th>XS<\/th><th>S<\/th><th>M<\/th><th>L<\/th><th>XL<\/th><th>XXL<\/th><th>XXXL<\/th><\/tr>\r\n<tr>\r\n<td>Europe<\/td>\r\n<td>32<\/td>\r\n<td>34<\/td>\r\n<td>36<\/td>\r\n<td>38<\/td>\r\n<td>40<\/td>\r\n<td>42<\/td>\r\n<td>44<\/td>\r\n<\/tr>\r\n<tr>\r\n<td>US<\/td>\r\n<td>0<\/td>\r\n<td>2<\/td>\r\n<td>4<\/td>\r\n<td>6<\/td>\r\n<td>8<\/td>\r\n<td>10<\/td>\r\n<td>12<\/td>\r\n<\/tr>\r\n<tr>\r\n<td>Chest fit (inches)<\/td>\r\n<td>28\"<\/td>\r\n<td>30\"<\/td>\r\n<td>32\"<\/td>\r\n<td>34\"<\/td>\r\n<td>36\"<\/td>\r\n<td>38\"<\/td>\r\n<td>40\"<\/td>\r\n<\/tr>\r\n<tr>\r\n<td>Chest fit (cm)<\/td>\r\n<td>71<\/td>\r\n<td>76<\/td>\r\n<td>81<\/td>\r\n<td>86<\/td>\r\n<td>91.5<\/td>\r\n<td>96.5<\/td>\r\n<td>101.1<\/td>\r\n<\/tr>\r\n<tr>\r\n<td>Waist fir (inches)<\/td>\r\n<td>21\"<\/td>\r\n<td>23\"<\/td>\r\n<td>25\"<\/td>\r\n<td>27\"<\/td>\r\n<td>29\"<\/td>\r\n<td>31\"<\/td>\r\n<td>33\"<\/td>\r\n<\/tr>\r\n<tr>\r\n<td>Waist fir (cm)<\/td>\r\n<td>53.5<\/td>\r\n<td>58.5<\/td>\r\n<td>63.5<\/td>\r\n<td>68.5<\/td>\r\n<td>74<\/td>\r\n<td>79<\/td>\r\n<td>84<\/td>\r\n<\/tr>\r\n<tr>\r\n<td>Hips fir (inches)<\/td>\r\n<td>33\"<\/td>\r\n<td>34\"<\/td>\r\n<td>36\"<\/td>\r\n<td>38\"<\/td>\r\n<td>40\"<\/td>\r\n<td>42\"<\/td>\r\n<td>44\"<\/td>\r\n<\/tr>\r\n<tr>\r\n<td>Hips fir (cm)<\/td>\r\n<td>81.5<\/td>\r\n<td>86.5<\/td>\r\n<td>91.5<\/td>\r\n<td>96.5<\/td>\r\n<td>101<\/td>\r\n<td>106.5<\/td>\r\n<td>111.5<\/td>\r\n<\/tr>\r\n<tr>\r\n<td>Skort lengths (sm)<\/td>\r\n<td>36.5<\/td>\r\n<td>38<\/td>\r\n<td>39.5<\/td>\r\n<td>41<\/td>\r\n<td>42.5<\/td>\r\n<td>44<\/td>\r\n<td>45.5<\/td>\r\n<\/tr>\r\n<\/tbody>\r\n<\/table>\r\n<\/div>\r\n<\/div>\r\n<div class=\"sizetable-wrap-man\">\r\n<h4>Men's apparel sizing<\/h4>\r\n<div class=\"size-table-wrap\">\r\n<table class=\"size-table\">\r\n<tbody>\r\n<tr><th>International<\/th><th>XS<\/th><th>S<\/th><th>M<\/th><th>L<\/th><th>XL<\/th><th>XXL<\/th><th>XXXL<\/th><\/tr>\r\n<tr>\r\n<td>Europe<\/td>\r\n<td>32<\/td>\r\n<td>34<\/td>\r\n<td>36<\/td>\r\n<td>38<\/td>\r\n<td>40<\/td>\r\n<td>42<\/td>\r\n<td>44<\/td>\r\n<\/tr>\r\n<tr>\r\n<td>US<\/td>\r\n<td>0<\/td>\r\n<td>2<\/td>\r\n<td>4<\/td>\r\n<td>6<\/td>\r\n<td>8<\/td>\r\n<td>10<\/td>\r\n<td>12<\/td>\r\n<\/tr>\r\n<tr>\r\n<td>Chest fit (inches)<\/td>\r\n<td>33-35\"<\/td>\r\n<td>36-38\"<\/td>\r\n<td>39-41\"<\/td>\r\n<td>42-44\"<\/td>\r\n<td>45-47\"<\/td>\r\n<td>48-50\"<\/td>\r\n<td>51-53\"<\/td>\r\n<\/tr>\r\n<tr>\r\n<td>Chest fit (cm)<\/td>\r\n<td>84-89<\/td>\r\n<td>91-97<\/td>\r\n<td>98-104<\/td>\r\n<td>107-112<\/td>\r\n<td>114-119<\/td>\r\n<td>122-127<\/td>\r\n<td>129-134<\/td>\r\n<\/tr>\r\n<tr>\r\n<td>Waist fir (inches)<\/td>\r\n<td>28\"<\/td>\r\n<td>30\"<\/td>\r\n<td>32\"<\/td>\r\n<td>34\"<\/td>\r\n<td>36\"<\/td>\r\n<td>38\"<\/td>\r\n<td>40\"<\/td>\r\n<\/tr>\r\n<tr>\r\n<td>Waist fir (cm)<\/td>\r\n<td>71<\/td>\r\n<td>76<\/td>\r\n<td>81<\/td>\r\n<td>86<\/td>\r\n<td>91.5<\/td>\r\n<td>96.5<\/td>\r\n<td>101.5<\/td>\r\n<\/tr>\r\n<tr>\r\n<td>Skort lengths (sm)<\/td>\r\n<td>76<\/td>\r\n<td>77.5<\/td>\r\n<td>79<\/td>\r\n<td>81<\/td>\r\n<td>82.5<\/td>\r\n<td>84<\/td>\r\n<td>85.5<\/td>\r\n<\/tr>\r\n<\/tbody>\r\n<\/table>\r\n<\/div>\r\n<\/div>","image":"","link":"#","formdata":{"id_anthemeblock":"46","id_anthemeblock_data":"46","data":[]},"children":[]}