{"id_anthemeblock":"48","block_identifier":"5cfa2e9ebcf3d","id_parent":"0","status":"1","position":"0","date_add":"2019-06-07 05:30:06","date_upd":"2019-06-07 05:30:06","hook_ids":"displayLoginDesc","template":"views\/templates\/front\/customtext\/customtext.tpl","img":"","title":"login form description","content":"<p>Create an account to expedite future checkouts, track order history & receive emails, discounts & special offers<\/p>","image":"","link":"#","formdata":{"id_anthemeblock":"48","id_anthemeblock_data":"48","data":[]},"children":[]}