[{"code":"f101","name":"alert"},{"code":"f100","name":"alert-circled"},{"code":"f2c7","name":"android-add"},{"code":"f359","name":"android-add-circle"},{"code":"f35a","name":"android-alarm-clock"},{"code":"f35b","name":"android-alert"},{"code":"f35c","name":"android-apps"},{"code":"f2c9","name":"android-archive"},{"code":"f2ca","name":"android-arrow-back"},{"code":"f35d","name":"android-arrow-down"},{"code":"f35f","name":"android-arrow-dropdown"},{"code":"f35e","name":"android-arrow-dropdown-circle"},{"code":"f361","name":"android-arrow-dropleft"},{"code":"f360","name":"android-arrow-dropleft-circle"},{"code":"f363","name":"android-arrow-dropright"},{"code":"f362","name":"android-arrow-dropright-circle"},{"code":"f365","name":"android-arrow-dropup"},{"code":"f364","name":"android-arrow-dropup-circle"},{"code":"f30f","name":"android-arrow-forward"},{"code":"f366","name":"android-arrow-up"},{"code":"f367","name":"android-attach"},{"code":"f368","name":"android-bar"},{"code":"f369","name":"android-bicycle"},{"code":"f36a","name":"android-boat"},{"code":"f36b","name":"android-bookmark"},{"code":"f36c","name":"android-bulb"},{"code":"f36d","name":"android-bus"},{"code":"f2d1","name":"android-calendar"},{"code":"f2d2","name":"android-call"},{"code":"f2d3","name":"android-camera"},{"code":"f36e","name":"android-cancel"},{"code":"f36f","name":"android-car"},{"code":"f370","name":"android-cart"},{"code":"f2d4","name":"android-chat"},{"code":"f374","name":"android-checkbox"},{"code":"f371","name":"android-checkbox-blank"},{"code":"f373","name":"android-checkbox-outline"},{"code":"f372","name":"android-checkbox-outline-blank"},{"code":"f375","name":"android-checkmark-circle"},{"code":"f376","name":"android-clipboard"},{"code":"f2d7","name":"android-close"},{"code":"f37a","name":"android-cloud"},{"code":"f377","name":"android-cloud-circle"},{"code":"f378","name":"android-cloud-done"},{"code":"f379","name":"android-cloud-outline"},{"code":"f37b","name":"android-color-palette"},{"code":"f37c","name":"android-compass"},{"code":"f2d8","name":"android-contact"},{"code":"f2d9","name":"android-contacts"},{"code":"f37d","name":"android-contract"},{"code":"f37e","name":"android-create"},{"code":"f37f","name":"android-delete"},{"code":"f380","name":"android-desktop"},{"code":"f381","name":"android-document"},{"code":"f383","name":"android-done"},{"code":"f382","name":"android-done-all"},{"code":"f2dd","name":"android-download"},{"code":"f384","name":"android-drafts"},{"code":"f385","name":"android-exit"},{"code":"f386","name":"android-expand"},{"code":"f388","name":"android-favorite"},{"code":"f387","name":"android-favorite-outline"},{"code":"f389","name":"android-film"},{"code":"f2e0","name":"android-folder"},{"code":"f38a","name":"android-folder-open"},{"code":"f38b","name":"android-funnel"},{"code":"f38c","name":"android-globe"},{"code":"f2e3","name":"android-hand"},{"code":"f38d","name":"android-hangout"},{"code":"f38e","name":"android-happy"},{"code":"f38f","name":"android-home"},{"code":"f2e4","name":"android-image"},{"code":"f390","name":"android-laptop"},{"code":"f391","name":"android-list"},{"code":"f2e9","name":"android-locate"},{"code":"f392","name":"android-lock"},{"code":"f2eb","name":"android-mail"},{"code":"f393","name":"android-map"},{"code":"f394","name":"android-menu"},{"code":"f2ec","name":"android-microphone"},{"code":"f395","name":"android-microphone-off"},{"code":"f396","name":"android-more-horizontal"},{"code":"f397","name":"android-more-vertical"},{"code":"f398","name":"android-navigate"},{"code":"f39b","name":"android-notifications"},{"code":"f399","name":"android-notifications-none"},{"code":"f39a","name":"android-notifications-off"},{"code":"f39c","name":"android-open"},{"code":"f39d","name":"android-options"},{"code":"f39e","name":"android-people"},{"code":"f3a0","name":"android-person"},{"code":"f39f","name":"android-person-add"},{"code":"f3a1","name":"android-phone-landscape"},{"code":"f3a2","name":"android-phone-portrait"},{"code":"f3a3","name":"android-pin"},{"code":"f3a4","name":"android-plane"},{"code":"f2f0","name":"android-playstore"},{"code":"f3a5","name":"android-print"},{"code":"f3a6","name":"android-radio-button-off"},{"code":"f3a7","name":"android-radio-button-on"},{"code":"f3a8","name":"android-refresh"},{"code":"f2f4","name":"android-remove"},{"code":"f3a9","name":"android-remove-circle"},{"code":"f3aa","name":"android-restaurant"},{"code":"f3ab","name":"android-sad"},{"code":"f2f5","name":"android-search"},{"code":"f2f6","name":"android-send"},{"code":"f2f7","name":"android-settings"},{"code":"f2f8","name":"android-share"},{"code":"f3ac","name":"android-share-alt"},{"code":"f2fc","name":"android-star"},{"code":"f3ad","name":"android-star-half"},{"code":"f3ae","name":"android-star-outline"},{"code":"f2fd","name":"android-stopwatch"},{"code":"f3af","name":"android-subway"},{"code":"f3b0","name":"android-sunny"},{"code":"f3b1","name":"android-sync"},{"code":"f3b2","name":"android-textsms"},{"code":"f3b3","name":"android-time"},{"code":"f3b4","name":"android-train"},{"code":"f3b5","name":"android-unlock"},{"code":"f3b6","name":"android-upload"},{"code":"f3b7","name":"android-volume-down"},{"code":"f3b8","name":"android-volume-mute"},{"code":"f3b9","name":"android-volume-off"},{"code":"f3ba","name":"android-volume-up"},{"code":"f3bb","name":"android-walk"},{"code":"f3bc","name":"android-warning"},{"code":"f3bd","name":"android-watch"},{"code":"f305","name":"android-wifi"},{"code":"f313","name":"aperture"},{"code":"f102","name":"archive"},{"code":"f103","name":"arrow-down-a"},{"code":"f104","name":"arrow-down-b"},{"code":"f105","name":"arrow-down-c"},{"code":"f25e","name":"arrow-expand"},{"code":"f25f","name":"arrow-graph-down-left"},{"code":"f260","name":"arrow-graph-down-right"},{"code":"f261","name":"arrow-graph-up-left"},{"code":"f262","name":"arrow-graph-up-right"},{"code":"f106","name":"arrow-left-a"},{"code":"f107","name":"arrow-left-b"},{"code":"f108","name":"arrow-left-c"},{"code":"f263","name":"arrow-move"},{"code":"f264","name":"arrow-resize"},{"code":"f265","name":"arrow-return-left"},{"code":"f266","name":"arrow-return-right"},{"code":"f109","name":"arrow-right-a"},{"code":"f10a","name":"arrow-right-b"},{"code":"f10b","name":"arrow-right-c"},{"code":"f267","name":"arrow-shrink"},{"code":"f268","name":"arrow-swap"},{"code":"f10c","name":"arrow-up-a"},{"code":"f10d","name":"arrow-up-b"},{"code":"f10e","name":"arrow-up-c"},{"code":"f314","name":"asterisk"},{"code":"f10f","name":"at"},{"code":"f3bf","name":"backspace"},{"code":"f3be","name":"backspace-outline"},{"code":"f110","name":"bag"},{"code":"f111","name":"battery-charging"},{"code":"f112","name":"battery-empty"},{"code":"f113","name":"battery-full"},{"code":"f114","name":"battery-half"},{"code":"f115","name":"battery-low"},{"code":"f269","name":"beaker"},{"code":"f26a","name":"beer"},{"code":"f116","name":"bluetooth"},{"code":"f315","name":"bonfire"},{"code":"f26b","name":"bookmark"},{"code":"f3c0","name":"bowtie"},{"code":"f26c","name":"briefcase"},{"code":"f2be","name":"bug"},{"code":"f26d","name":"calculator"},{"code":"f117","name":"calendar"},{"code":"f118","name":"camera"},{"code":"f119","name":"card"},{"code":"f316","name":"cash"},{"code":"f11b","name":"chatbox"},{"code":"f11a","name":"chatbox-working"},{"code":"f11c","name":"chatboxes"},{"code":"f11e","name":"chatbubble"},{"code":"f11d","name":"chatbubble-working"},{"code":"f11f","name":"chatbubbles"},{"code":"f122","name":"checkmark"},{"code":"f120","name":"checkmark-circled"},{"code":"f121","name":"checkmark-round"},{"code":"f123","name":"chevron-down"},{"code":"f124","name":"chevron-left"},{"code":"f125","name":"chevron-right"},{"code":"f126","name":"chevron-up"},{"code":"f127","name":"clipboard"},{"code":"f26e","name":"clock"},{"code":"f12a","name":"close"},{"code":"f128","name":"close-circled"},{"code":"f129","name":"close-round"},{"code":"f317","name":"closed-captioning"},{"code":"f12b","name":"cloud"},{"code":"f271","name":"code"},{"code":"f26f","name":"code-download"},{"code":"f270","name":"code-working"},{"code":"f272","name":"coffee"},{"code":"f273","name":"compass"},{"code":"f12c","name":"compose"},{"code":"f274","name":"connection-bars"},{"code":"f275","name":"contrast"},{"code":"f3c1","name":"crop"},{"code":"f318","name":"cube"},{"code":"f12d","name":"disc"},{"code":"f12f","name":"document"},{"code":"f12e","name":"document-text"},{"code":"f130","name":"drag"},{"code":"f276","name":"earth"},{"code":"f3c2","name":"easel"},{"code":"f2bf","name":"edit"},{"code":"f277","name":"egg"},{"code":"f131","name":"eject"},{"code":"f132","name":"email"},{"code":"f3c3","name":"email-unread"},{"code":"f3c5","name":"erlenmeyer-flask"},{"code":"f3c4","name":"erlenmeyer-flask-bubbles"},{"code":"f133","name":"eye"},{"code":"f306","name":"eye-disabled"},{"code":"f278","name":"female"},{"code":"f134","name":"filing"},{"code":"f135","name":"film-marker"},{"code":"f319","name":"fireball"},{"code":"f279","name":"flag"},{"code":"f31a","name":"flame"},{"code":"f137","name":"flash"},{"code":"f136","name":"flash-off"},{"code":"f139","name":"folder"},{"code":"f27a","name":"fork"},{"code":"f2c0","name":"fork-repo"},{"code":"f13a","name":"forward"},{"code":"f31b","name":"funnel"},{"code":"f13d","name":"gear-a"},{"code":"f13e","name":"gear-b"},{"code":"f13f","name":"grid"},{"code":"f27b","name":"hammer"},{"code":"f31c","name":"happy"},{"code":"f3c6","name":"happy-outline"},{"code":"f140","name":"headphone"},{"code":"f141","name":"heart"},{"code":"f31d","name":"heart-broken"},{"code":"f143","name":"help"},{"code":"f27c","name":"help-buoy"},{"code":"f142","name":"help-circled"},{"code":"f144","name":"home"},{"code":"f27d","name":"icecream"},{"code":"f147","name":"image"},{"code":"f148","name":"images"},{"code":"f14a","name":"information"},{"code":"f149","name":"information-circled"},{"code":"f14b","name":"ionic"},{"code":"f3c8","name":"ios-alarm"},{"code":"f3c7","name":"ios-alarm-outline"},{"code":"f3ca","name":"ios-albums"},{"code":"f3c9","name":"ios-albums-outline"},{"code":"f3cc","name":"ios-americanfootball"},{"code":"f3cb","name":"ios-americanfootball-outline"},{"code":"f3ce","name":"ios-analytics"},{"code":"f3cd","name":"ios-analytics-outline"},{"code":"f3cf","name":"ios-arrow-back"},{"code":"f3d0","name":"ios-arrow-down"},{"code":"f3d1","name":"ios-arrow-forward"},{"code":"f3d2","name":"ios-arrow-left"},{"code":"f3d3","name":"ios-arrow-right"},{"code":"f3d4","name":"ios-arrow-thin-down"},{"code":"f3d5","name":"ios-arrow-thin-left"},{"code":"f3d6","name":"ios-arrow-thin-right"},{"code":"f3d7","name":"ios-arrow-thin-up"},{"code":"f3d8","name":"ios-arrow-up"},{"code":"f3da","name":"ios-at"},{"code":"f3d9","name":"ios-at-outline"},{"code":"f3dc","name":"ios-barcode"},{"code":"f3db","name":"ios-barcode-outline"},{"code":"f3de","name":"ios-baseball"},{"code":"f3dd","name":"ios-baseball-outline"},{"code":"f3e0","name":"ios-basketball"},{"code":"f3df","name":"ios-basketball-outline"},{"code":"f3e2","name":"ios-bell"},{"code":"f3e1","name":"ios-bell-outline"},{"code":"f3e4","name":"ios-body"},{"code":"f3e3","name":"ios-body-outline"},{"code":"f3e6","name":"ios-bolt"},{"code":"f3e5","name":"ios-bolt-outline"},{"code":"f3e8","name":"ios-book"},{"code":"f3e7","name":"ios-book-outline"},{"code":"f3ea","name":"ios-bookmarks"},{"code":"f3e9","name":"ios-bookmarks-outline"},{"code":"f3ec","name":"ios-box"},{"code":"f3eb","name":"ios-box-outline"},{"code":"f3ee","name":"ios-briefcase"},{"code":"f3ed","name":"ios-briefcase-outline"},{"code":"f3f0","name":"ios-browsers"},{"code":"f3ef","name":"ios-browsers-outline"},{"code":"f3f2","name":"ios-calculator"},{"code":"f3f1","name":"ios-calculator-outline"},{"code":"f3f4","name":"ios-calendar"},{"code":"f3f3","name":"ios-calendar-outline"},{"code":"f3f6","name":"ios-camera"},{"code":"f3f5","name":"ios-camera-outline"},{"code":"f3f8","name":"ios-cart"},{"code":"f3f7","name":"ios-cart-outline"},{"code":"f3fa","name":"ios-chatboxes"},{"code":"f3f9","name":"ios-chatboxes-outline"},{"code":"f3fc","name":"ios-chatbubble"},{"code":"f3fb","name":"ios-chatbubble-outline"},{"code":"f3ff","name":"ios-checkmark"},{"code":"f3fd","name":"ios-checkmark-empty"},{"code":"f3fe","name":"ios-checkmark-outline"},{"code":"f400","name":"ios-circle-filled"},{"code":"f401","name":"ios-circle-outline"},{"code":"f403","name":"ios-clock"},{"code":"f402","name":"ios-clock-outline"},{"code":"f406","name":"ios-close"},{"code":"f404","name":"ios-close-empty"},{"code":"f405","name":"ios-close-outline"},{"code":"f40c","name":"ios-cloud"},{"code":"f408","name":"ios-cloud-download"},{"code":"f407","name":"ios-cloud-download-outline"},{"code":"f409","name":"ios-cloud-outline"},{"code":"f40b","name":"ios-cloud-upload"},{"code":"f40a","name":"ios-cloud-upload-outline"},{"code":"f410","name":"ios-cloudy"},{"code":"f40e","name":"ios-cloudy-night"},{"code":"f40d","name":"ios-cloudy-night-outline"},{"code":"f40f","name":"ios-cloudy-outline"},{"code":"f412","name":"ios-cog"},{"code":"f411","name":"ios-cog-outline"},{"code":"f414","name":"ios-color-filter"},{"code":"f413","name":"ios-color-filter-outline"},{"code":"f416","name":"ios-color-wand"},{"code":"f415","name":"ios-color-wand-outline"},{"code":"f418","name":"ios-compose"},{"code":"f417","name":"ios-compose-outline"},{"code":"f41a","name":"ios-contact"},{"code":"f419","name":"ios-contact-outline"},{"code":"f41c","name":"ios-copy"},{"code":"f41b","name":"ios-copy-outline"},{"code":"f41e","name":"ios-crop"},{"code":"f41d","name":"ios-crop-strong"},{"code":"f420","name":"ios-download"},{"code":"f41f","name":"ios-download-outline"},{"code":"f421","name":"ios-drag"},{"code":"f423","name":"ios-email"},{"code":"f422","name":"ios-email-outline"},{"code":"f425","name":"ios-eye"},{"code":"f424","name":"ios-eye-outline"},{"code":"f427","name":"ios-fastforward"},{"code":"f426","name":"ios-fastforward-outline"},{"code":"f429","name":"ios-filing"},{"code":"f428","name":"ios-filing-outline"},{"code":"f42b","name":"ios-film"},{"code":"f42a","name":"ios-film-outline"},{"code":"f42d","name":"ios-flag"},{"code":"f42c","name":"ios-flag-outline"},{"code":"f42f","name":"ios-flame"},{"code":"f42e","name":"ios-flame-outline"},{"code":"f431","name":"ios-flask"},{"code":"f430","name":"ios-flask-outline"},{"code":"f433","name":"ios-flower"},{"code":"f432","name":"ios-flower-outline"},{"code":"f435","name":"ios-folder"},{"code":"f434","name":"ios-folder-outline"},{"code":"f437","name":"ios-football"},{"code":"f436","name":"ios-football-outline"},{"code":"f439","name":"ios-game-controller-a"},{"code":"f438","name":"ios-game-controller-a-outline"},{"code":"f43b","name":"ios-game-controller-b"},{"code":"f43a","name":"ios-game-controller-b-outline"},{"code":"f43d","name":"ios-gear"},{"code":"f43c","name":"ios-gear-outline"},{"code":"f43f","name":"ios-glasses"},{"code":"f43e","name":"ios-glasses-outline"},{"code":"f441","name":"ios-grid-view"},{"code":"f440","name":"ios-grid-view-outline"},{"code":"f443","name":"ios-heart"},{"code":"f442","name":"ios-heart-outline"},{"code":"f446","name":"ios-help"},{"code":"f444","name":"ios-help-empty"},{"code":"f445","name":"ios-help-outline"},{"code":"f448","name":"ios-home"},{"code":"f447","name":"ios-home-outline"},{"code":"f44a","name":"ios-infinite"},{"code":"f449","name":"ios-infinite-outline"},{"code":"f44d","name":"ios-information"},{"code":"f44b","name":"ios-information-empty"},{"code":"f44c","name":"ios-information-outline"},{"code":"f44e","name":"ios-ionic-outline"},{"code":"f450","name":"ios-keypad"},{"code":"f44f","name":"ios-keypad-outline"},{"code":"f452","name":"ios-lightbulb"},{"code":"f451","name":"ios-lightbulb-outline"},{"code":"f454","name":"ios-list"},{"code":"f453","name":"ios-list-outline"},{"code":"f456","name":"ios-location"},{"code":"f455","name":"ios-location-outline"},{"code":"f458","name":"ios-locked"},{"code":"f457","name":"ios-locked-outline"},{"code":"f45a","name":"ios-loop"},{"code":"f459","name":"ios-loop-strong"},{"code":"f45c","name":"ios-medical"},{"code":"f45b","name":"ios-medical-outline"},{"code":"f45e","name":"ios-medkit"},{"code":"f45d","name":"ios-medkit-outline"},{"code":"f461","name":"ios-mic"},{"code":"f45f","name":"ios-mic-off"},{"code":"f460","name":"ios-mic-outline"},{"code":"f464","name":"ios-minus"},{"code":"f462","name":"ios-minus-empty"},{"code":"f463","name":"ios-minus-outline"},{"code":"f466","name":"ios-monitor"},{"code":"f465","name":"ios-monitor-outline"},{"code":"f468","name":"ios-moon"},{"code":"f467","name":"ios-moon-outline"},{"code":"f46a","name":"ios-more"},{"code":"f469","name":"ios-more-outline"},{"code":"f46b","name":"ios-musical-note"},{"code":"f46c","name":"ios-musical-notes"},{"code":"f46e","name":"ios-navigate"},{"code":"f46d","name":"ios-navigate-outline"},{"code":"f470","name":"ios-nutrition"},{"code":"f46f","name":"ios-nutrition-outline"},{"code":"f472","name":"ios-paper"},{"code":"f471","name":"ios-paper-outline"},{"code":"f474","name":"ios-paperplane"},{"code":"f473","name":"ios-paperplane-outline"},{"code":"f476","name":"ios-partlysunny"},{"code":"f475","name":"ios-partlysunny-outline"},{"code":"f478","name":"ios-pause"},{"code":"f477","name":"ios-pause-outline"},{"code":"f47a","name":"ios-paw"},{"code":"f479","name":"ios-paw-outline"},{"code":"f47c","name":"ios-people"},{"code":"f47b","name":"ios-people-outline"},{"code":"f47e","name":"ios-person"},{"code":"f47d","name":"ios-person-outline"},{"code":"f480","name":"ios-personadd"},{"code":"f47f","name":"ios-personadd-outline"},{"code":"f482","name":"ios-photos"},{"code":"f481","name":"ios-photos-outline"},{"code":"f484","name":"ios-pie"},{"code":"f483","name":"ios-pie-outline"},{"code":"f486","name":"ios-pint"},{"code":"f485","name":"ios-pint-outline"},{"code":"f488","name":"ios-play"},{"code":"f487","name":"ios-play-outline"},{"code":"f48b","name":"ios-plus"},{"code":"f489","name":"ios-plus-empty"},{"code":"f48a","name":"ios-plus-outline"},{"code":"f48d","name":"ios-pricetag"},{"code":"f48c","name":"ios-pricetag-outline"},{"code":"f48f","name":"ios-pricetags"},{"code":"f48e","name":"ios-pricetags-outline"},{"code":"f491","name":"ios-printer"},{"code":"f490","name":"ios-printer-outline"},{"code":"f493","name":"ios-pulse"},{"code":"f492","name":"ios-pulse-strong"},{"code":"f495","name":"ios-rainy"},{"code":"f494","name":"ios-rainy-outline"},{"code":"f497","name":"ios-recording"},{"code":"f496","name":"ios-recording-outline"},{"code":"f499","name":"ios-redo"},{"code":"f498","name":"ios-redo-outline"},{"code":"f49c","name":"ios-refresh"},{"code":"f49a","name":"ios-refresh-empty"},{"code":"f49b","name":"ios-refresh-outline"},{"code":"f49d","name":"ios-reload"},{"code":"f49f","name":"ios-reverse-camera"},{"code":"f49e","name":"ios-reverse-camera-outline"},{"code":"f4a1","name":"ios-rewind"},{"code":"f4a0","name":"ios-rewind-outline"},{"code":"f4a3","name":"ios-rose"},{"code":"f4a2","name":"ios-rose-outline"},{"code":"f4a5","name":"ios-search"},{"code":"f4a4","name":"ios-search-strong"},{"code":"f4a7","name":"ios-settings"},{"code":"f4a6","name":"ios-settings-strong"},{"code":"f4a9","name":"ios-shuffle"},{"code":"f4a8","name":"ios-shuffle-strong"},{"code":"f4ab","name":"ios-skipbackward"},{"code":"f4aa","name":"ios-skipbackward-outline"},{"code":"f4ad","name":"ios-skipforward"},{"code":"f4ac","name":"ios-skipforward-outline"},{"code":"f4ae","name":"ios-snowy"},{"code":"f4b0","name":"ios-speedometer"},{"code":"f4af","name":"ios-speedometer-outline"},{"code":"f4b3","name":"ios-star"},{"code":"f4b1","name":"ios-star-half"},{"code":"f4b2","name":"ios-star-outline"},{"code":"f4b5","name":"ios-stopwatch"},{"code":"f4b4","name":"ios-stopwatch-outline"},{"code":"f4b7","name":"ios-sunny"},{"code":"f4b6","name":"ios-sunny-outline"},{"code":"f4b9","name":"ios-telephone"},{"code":"f4b8","name":"ios-telephone-outline"},{"code":"f4bb","name":"ios-tennisball"},{"code":"f4ba","name":"ios-tennisball-outline"},{"code":"f4bd","name":"ios-thunderstorm"},{"code":"f4bc","name":"ios-thunderstorm-outline"},{"code":"f4bf","name":"ios-time"},{"code":"f4be","name":"ios-time-outline"},{"code":"f4c1","name":"ios-timer"},{"code":"f4c0","name":"ios-timer-outline"},{"code":"f4c3","name":"ios-toggle"},{"code":"f4c2","name":"ios-toggle-outline"},{"code":"f4c5","name":"ios-trash"},{"code":"f4c4","name":"ios-trash-outline"},{"code":"f4c7","name":"ios-undo"},{"code":"f4c6","name":"ios-undo-outline"},{"code":"f4c9","name":"ios-unlocked"},{"code":"f4c8","name":"ios-unlocked-outline"},{"code":"f4cb","name":"ios-upload"},{"code":"f4ca","name":"ios-upload-outline"},{"code":"f4cd","name":"ios-videocam"},{"code":"f4cc","name":"ios-videocam-outline"},{"code":"f4ce","name":"ios-volume-high"},{"code":"f4cf","name":"ios-volume-low"},{"code":"f4d1","name":"ios-wineglass"},{"code":"f4d0","name":"ios-wineglass-outline"},{"code":"f4d3","name":"ios-world"},{"code":"f4d2","name":"ios-world-outline"},{"code":"f1f9","name":"ipad"},{"code":"f1fa","name":"iphone"},{"code":"f1fb","name":"ipod"},{"code":"f295","name":"jet"},{"code":"f296","name":"key"},{"code":"f297","name":"knife"},{"code":"f1fc","name":"laptop"},{"code":"f1fd","name":"leaf"},{"code":"f298","name":"levels"},{"code":"f299","name":"lightbulb"},{"code":"f1fe","name":"link"},{"code":"f29a","name":"load-a"},{"code":"f29b","name":"load-b"},{"code":"f29c","name":"load-c"},{"code":"f29d","name":"load-d"},{"code":"f1ff","name":"location"},{"code":"f4d4","name":"lock-combination"},{"code":"f200","name":"locked"},{"code":"f29e","name":"log-in"},{"code":"f29f","name":"log-out"},{"code":"f201","name":"loop"},{"code":"f2a0","name":"magnet"},{"code":"f2a1","name":"male"},{"code":"f202","name":"man"},{"code":"f203","name":"map"},{"code":"f2a2","name":"medkit"},{"code":"f33f","name":"merge"},{"code":"f204","name":"mic-a"},{"code":"f205","name":"mic-b"},{"code":"f206","name":"mic-c"},{"code":"f209","name":"minus"},{"code":"f207","name":"minus-circled"},{"code":"f208","name":"minus-round"},{"code":"f2c1","name":"model-s"},{"code":"f20a","name":"monitor"},{"code":"f20b","name":"more"},{"code":"f340","name":"mouse"},{"code":"f20c","name":"music-note"},{"code":"f20e","name":"navicon"},{"code":"f20d","name":"navicon-round"},{"code":"f2a3","name":"navigate"},{"code":"f341","name":"network"},{"code":"f2c2","name":"no-smoking"},{"code":"f2a4","name":"nuclear"},{"code":"f342","name":"outlet"},{"code":"f4d5","name":"paintbrush"},{"code":"f4d6","name":"paintbucket"},{"code":"f2c3","name":"paper-airplane"},{"code":"f20f","name":"paperclip"},{"code":"f210","name":"pause"},{"code":"f213","name":"person"},{"code":"f211","name":"person-add"},{"code":"f212","name":"person-stalker"},{"code":"f2a5","name":"pie-graph"},{"code":"f2a6","name":"pin"},{"code":"f2a7","name":"pinpoint"},{"code":"f2a8","name":"pizza"},{"code":"f214","name":"plane"},{"code":"f343","name":"planet"},{"code":"f215","name":"play"},{"code":"f30a","name":"playstation"},{"code":"f218","name":"plus"},{"code":"f216","name":"plus-circled"},{"code":"f217","name":"plus-round"},{"code":"f344","name":"podium"},{"code":"f219","name":"pound"},{"code":"f2a9","name":"power"},{"code":"f2aa","name":"pricetag"},{"code":"f2ab","name":"pricetags"},{"code":"f21a","name":"printer"},{"code":"f345","name":"pull-request"},{"code":"f346","name":"qr-scanner"},{"code":"f347","name":"quote"},{"code":"f2ac","name":"radio-waves"},{"code":"f21b","name":"record"},{"code":"f21c","name":"refresh"},{"code":"f21e","name":"reply"},{"code":"f21d","name":"reply-all"},{"code":"f348","name":"ribbon-a"},{"code":"f349","name":"ribbon-b"},{"code":"f34a","name":"sad"},{"code":"f4d7","name":"sad-outline"},{"code":"f34b","name":"scissors"},{"code":"f21f","name":"search"},{"code":"f2ad","name":"settings"},{"code":"f220","name":"share"},{"code":"f221","name":"shuffle"},{"code":"f222","name":"skip-backward"},{"code":"f223","name":"skip-forward"},{"code":"f225","name":"social-android"},{"code":"f224","name":"social-android-outline"},{"code":"f4d9","name":"social-angular"},{"code":"f4d8","name":"social-angular-outline"},{"code":"f227","name":"social-apple"},{"code":"f226","name":"social-apple-outline"},{"code":"f2af","name":"social-bitcoin"},{"code":"f2ae","name":"social-bitcoin-outline"},{"code":"f229","name":"social-buffer"},{"code":"f228","name":"social-buffer-outline"},{"code":"f4db","name":"social-chrome"},{"code":"f4da","name":"social-chrome-outline"},{"code":"f4dd","name":"social-codepen"},{"code":"f4dc","name":"social-codepen-outline"},{"code":"f4df","name":"social-css3"},{"code":"f4de","name":"social-css3-outline"},{"code":"f22b","name":"social-designernews"},{"code":"f22a","name":"social-designernews-outline"},{"code":"f22d","name":"social-dribbble"},{"code":"f22c","name":"social-dribbble-outline"},{"code":"f22f","name":"social-dropbox"},{"code":"f22e","name":"social-dropbox-outline"},{"code":"f4e1","name":"social-euro"},{"code":"f4e0","name":"social-euro-outline"},{"code":"f231","name":"social-facebook"},{"code":"f230","name":"social-facebook-outline"},{"code":"f34d","name":"social-foursquare"},{"code":"f34c","name":"social-foursquare-outline"},{"code":"f2c4","name":"social-freebsd-devil"},{"code":"f233","name":"social-github"},{"code":"f232","name":"social-github-outline"},{"code":"f34f","name":"social-google"},{"code":"f34e","name":"social-google-outline"},{"code":"f235","name":"social-googleplus"},{"code":"f234","name":"social-googleplus-outline"},{"code":"f237","name":"social-hackernews"},{"code":"f236","name":"social-hackernews-outline"},{"code":"f4e3","name":"social-html5"},{"code":"f4e2","name":"social-html5-outline"},{"code":"f351","name":"social-instagram"},{"code":"f350","name":"social-instagram-outline"},{"code":"f4e5","name":"social-javascript"},{"code":"f4e4","name":"social-javascript-outline"},{"code":"f239","name":"social-linkedin"},{"code":"f238","name":"social-linkedin-outline"},{"code":"f4e6","name":"social-markdown"},{"code":"f4e7","name":"social-nodejs"},{"code":"f4e8","name":"social-octocat"},{"code":"f2b1","name":"social-pinterest"},{"code":"f2b0","name":"social-pinterest-outline"},{"code":"f4e9","name":"social-python"},{"code":"f23b","name":"social-reddit"},{"code":"f23a","name":"social-reddit-outline"},{"code":"f23d","name":"social-rss"},{"code":"f23c","name":"social-rss-outline"},{"code":"f4ea","name":"social-sass"},{"code":"f23f","name":"social-skype"},{"code":"f23e","name":"social-skype-outline"},{"code":"f4ec","name":"social-snapchat"},{"code":"f4eb","name":"social-snapchat-outline"},{"code":"f241","name":"social-tumblr"},{"code":"f240","name":"social-tumblr-outline"},{"code":"f2c5","name":"social-tux"},{"code":"f4ee","name":"social-twitch"},{"code":"f4ed","name":"social-twitch-outline"},{"code":"f243","name":"social-twitter"},{"code":"f242","name":"social-twitter-outline"},{"code":"f353","name":"social-usd"},{"code":"f352","name":"social-usd-outline"},{"code":"f245","name":"social-vimeo"},{"code":"f244","name":"social-vimeo-outline"},{"code":"f4f0","name":"social-whatsapp"},{"code":"f4ef","name":"social-whatsapp-outline"},{"code":"f247","name":"social-windows"},{"code":"f246","name":"social-windows-outline"},{"code":"f249","name":"social-wordpress"},{"code":"f248","name":"social-wordpress-outline"},{"code":"f24b","name":"social-yahoo"},{"code":"f24a","name":"social-yahoo-outline"},{"code":"f4f2","name":"social-yen"},{"code":"f4f1","name":"social-yen-outline"},{"code":"f24d","name":"social-youtube"},{"code":"f24c","name":"social-youtube-outline"},{"code":"f4f4","name":"soup-can"},{"code":"f4f3","name":"soup-can-outline"},{"code":"f2b2","name":"speakerphone"},{"code":"f2b3","name":"speedometer"},{"code":"f2b4","name":"spoon"},{"code":"f24e","name":"star"},{"code":"f2b5","name":"stats-bars"},{"code":"f30b","name":"steam"},{"code":"f24f","name":"stop"},{"code":"f2b6","name":"thermometer"},{"code":"f250","name":"thumbsdown"},{"code":"f251","name":"thumbsup"},{"code":"f355","name":"toggle"},{"code":"f354","name":"toggle-filled"},{"code":"f4f5","name":"transgender"},{"code":"f252","name":"trash-a"},{"code":"f253","name":"trash-b"},{"code":"f356","name":"trophy"},{"code":"f4f7","name":"tshirt"},{"code":"f4f6","name":"tshirt-outline"},{"code":"f2b7","name":"umbrella"},{"code":"f357","name":"university"},{"code":"f254","name":"unlocked"},{"code":"f255","name":"upload"},{"code":"f2b8","name":"usb"},{"code":"f256","name":"videocamera"},{"code":"f257","name":"volume-high"},{"code":"f258","name":"volume-low"},{"code":"f259","name":"volume-medium"},{"code":"f25a","name":"volume-mute"},{"code":"f358","name":"wand"},{"code":"f25b","name":"waterdrop"},{"code":"f25c","name":"wifi"},{"code":"f2b9","name":"wineglass"},{"code":"f25d","name":"woman"},{"code":"f2ba","name":"wrench"},{"code":"f30c","name":"xbox"}]