{"pageLoadProgressBar_status":"","pageLoadProgressBar_color":"#2fb5d2","global_themeFont":"archivo","global_basicColor":"#f73629","global_bodyBackground":"#ffffff","global_link":"#070707","global_linkHover":"#f73629","global_basicfontcolor":"#070707","global_basicfontsize":"14px","global_pfontsize":"14px","global_showquickview":"1","global_quickviewbackground":"#ffffff","h1h6_themeFontH":"archivonarrow","h1h6_h1h5Color":"#070707","h1h6_h1FontSize":"22px","h1h6_h2FontSize":"20px","h1h6_h3h4FontSize":"18px","h1h6_h5FontSize":"14px","h1h6_h6FontSize":"13px","wrapper_breadcrumbBackground":"#ffffff","newslet_background":"#ebebeb","otherpage_background":"#fff","otherpage_paddinginternalpage":"0px","header_navBackground":"#ffffff","header_fontSizeNav":"12px","header_headerBackground":"#ffffff","header_headerlink":"#707070","header_headerlinkHover":"#070707","topmenu_background":"#ffffff","topmenu_colorMenuLink":"#070707","topmenu_colorMenuLinkHover":"#f73629","topmenu_fontSize":"14px","topmenu_stickyMenu":"1","footer_footerBackground":"#1b1b1b","footer_footertitels":"#ffffff","footer_footerlink":"#bfbfbf","footer_footerlinkHover":"#ffffff","copyright_copyrightBackground":"#1b1b1b","copyright_showcopyright":"1","product_productImageChange":"hover","product_backgroundMiniature":"#fff","product_titleCatalogColor":"#070707","product_titleCatalogFontSize":"14px","product_titleFontSize":"24px","product_priceColor":"#070707","product_priceFontSize":"18px","product_oldPriceColor":"#919191","product_oldPriceFontSize":"14px","product_borderImageCatalog":"0","product_borderImageColorCatalog":"","product_backgroundOnlineOnly":"#41bb66","product_colorOnlineOnly":"#ffffff","product_backgroundOnSale":"#ffc64b","product_colorOnSale":"#ffffff","product_backgroundNew":"#2aacf6","product_colorNew":"#ffffff","product_backgroundSale":"#f73629","product_colorSale":"#ffffff","product_backgroundTabs":"#ffffff","product_slideronproductpage":"1","product_addtocart":"without","product_shortdescription":"","product_shortdescriptionlength":"65","product_imageQuickLookBar":"0","segmentedviewsettinds_imagelimit":"5","segmentedviewsettinds_linecolor":"#e8e8e8","segmentedviewsettinds_activelinecolor":"#1cb1ff","segmentedviewsettinds_textcolorsh":"#000000","segmentedviewsettinds_textonlastimg":"1","categoryPage_productsAmount":"col-xs-4","categoryPage_backgroundleftcolumn":"","categoryPage_leftcolumnpadding":"15px","categoryPage_facetedsearch":"standard","categorydescription_showCategoryDescription":"","categorydescription_backgrounddescription":"","categorydescription_paddingdescription":"0px","shoppingCart_sidebarCart":"1","shoppingCart_fontsizegsc":"24px","shoppingCart_backgroundsc":"#ffffff","shoppingCart_backgroun2dsc":"#ffffff","shoppingCart_paddingsc":"15px","shoppingCart_backgroundsc2":"#ffffff","shoppingCart_paddingsc2":"15px","orderpage_backgroundorder":"#ffffff","orderpage_paddingorder":"15px","homeSlider_sliderFont":"archivonarrow","homeSlider_titleColor":"#ffffff","homeSlider_TitleFontSize":"45px","homeSlider_descriptionColor":"#ffffff","homeSlider_descriptionFontSize":"15px","buttons_backgroundButton":"#070707","buttons_backgroundHoverButton":"#ffffff","buttons_borderwidthButton":"1px","buttons_bordercolorButton":"#070707","buttons_colorHoverBorder":"#070707","buttons_ButtonBorderRadius":"3px","buttons_colorButton":"#ffffff","buttons_colorButtonHover":"#070707","buttons_buttoneffect":"1","btnAddToCart_backgroundAddtocart":"#070707","btnAddToCart_backgroundHoverAddtocart":"#ffffff","btnAddToCart_borderWidthAddtocart":"1px","btnAddToCart_borderColorAddtocart":"#070707","btnAddToCart_borderColorHoverAddtocart":"#070707","btnAddToCart_borderRadiusAddtocart":"5px","btnAddToCart_colorAddtocart":"#ffffff","btnAddToCart_colorHoverAddtocart":"#000000","custom_code_code_css":"","custom_code_code_js":""}